insert into stocks (symbol, name, description)
values
    ('AAPL', 'Apple Inc.', 'Sample stock for the Exchange Lab simulator'),
    ('TSLA', 'Tesla Inc.', 'Sample stock for the Exchange Lab simulator'),
    ('NVDA', 'NVIDIA Corporation', 'Sample stock for the Exchange Lab simulator');

insert into trader_accounts (trader_id, username, cash_balance, reserved_cash)
values
    ('00000000-0000-0000-0000-000000000001', 'trader-001', 100000.00000000, 0.00000000),
    ('00000000-0000-0000-0000-000000000002', 'trader-002', 100000.00000000, 0.00000000),
    ('00000000-0000-0000-0000-000000000003', 'trader-003', 100000.00000000, 0.00000000),
    ('00000000-0000-0000-0000-000000000004', 'trader-004', 100000.00000000, 0.00000000),
    ('00000000-0000-0000-0000-000000000005', 'trader-005', 100000.00000000, 0.00000000),
    ('00000000-0000-0000-0000-000000000006', 'trader-006', 100000.00000000, 0.00000000),
    ('00000000-0000-0000-0000-000000000007', 'trader-007', 100000.00000000, 0.00000000),
    ('00000000-0000-0000-0000-000000000008', 'trader-008', 100000.00000000, 0.00000000),
    ('00000000-0000-0000-0000-000000000009', 'trader-009', 100000.00000000, 0.00000000),
    ('00000000-0000-0000-0000-000000000010', 'trader-010', 100000.00000000, 0.00000000);

insert into positions (trader_id, stock_symbol, quantity, reserved_quantity)
values
    ('00000000-0000-0000-0000-000000000001', 'AAPL', 120.00000000, 0.00000000),
    ('00000000-0000-0000-0000-000000000001', 'TSLA', 60.00000000, 0.00000000),
    ('00000000-0000-0000-0000-000000000001', 'NVDA', 80.00000000, 0.00000000),
    ('00000000-0000-0000-0000-000000000002', 'AAPL', 100.00000000, 0.00000000),
    ('00000000-0000-0000-0000-000000000002', 'TSLA', 75.00000000, 0.00000000),
    ('00000000-0000-0000-0000-000000000002', 'NVDA', 90.00000000, 0.00000000),
    ('00000000-0000-0000-0000-000000000003', 'AAPL', 140.00000000, 0.00000000),
    ('00000000-0000-0000-0000-000000000003', 'TSLA', 50.00000000, 0.00000000),
    ('00000000-0000-0000-0000-000000000003', 'NVDA', 70.00000000, 0.00000000),
    ('00000000-0000-0000-0000-000000000004', 'AAPL', 85.00000000, 0.00000000),
    ('00000000-0000-0000-0000-000000000004', 'TSLA', 95.00000000, 0.00000000),
    ('00000000-0000-0000-0000-000000000004', 'NVDA', 65.00000000, 0.00000000),
    ('00000000-0000-0000-0000-000000000005', 'AAPL', 110.00000000, 0.00000000),
    ('00000000-0000-0000-0000-000000000005', 'TSLA', 80.00000000, 0.00000000),
    ('00000000-0000-0000-0000-000000000005', 'NVDA', 100.00000000, 0.00000000),
    ('00000000-0000-0000-0000-000000000006', 'AAPL', 95.00000000, 0.00000000),
    ('00000000-0000-0000-0000-000000000006', 'TSLA', 55.00000000, 0.00000000),
    ('00000000-0000-0000-0000-000000000006', 'NVDA', 120.00000000, 0.00000000),
    ('00000000-0000-0000-0000-000000000007', 'AAPL', 130.00000000, 0.00000000),
    ('00000000-0000-0000-0000-000000000007', 'TSLA', 70.00000000, 0.00000000),
    ('00000000-0000-0000-0000-000000000007', 'NVDA', 85.00000000, 0.00000000),
    ('00000000-0000-0000-0000-000000000008', 'AAPL', 90.00000000, 0.00000000),
    ('00000000-0000-0000-0000-000000000008', 'TSLA', 100.00000000, 0.00000000),
    ('00000000-0000-0000-0000-000000000008', 'NVDA', 75.00000000, 0.00000000),
    ('00000000-0000-0000-0000-000000000009', 'AAPL', 115.00000000, 0.00000000),
    ('00000000-0000-0000-0000-000000000009', 'TSLA', 65.00000000, 0.00000000),
    ('00000000-0000-0000-0000-000000000009', 'NVDA', 95.00000000, 0.00000000),
    ('00000000-0000-0000-0000-000000000010', 'AAPL', 105.00000000, 0.00000000),
    ('00000000-0000-0000-0000-000000000010', 'TSLA', 85.00000000, 0.00000000),
    ('00000000-0000-0000-0000-000000000010', 'NVDA', 110.00000000, 0.00000000);

insert into account_transactions (
    transaction_id,
    trader_id,
    type,
    amount,
    balance_after,
    related_trade_id,
    created_at
)
values
    ('10000000-0000-0000-0000-000000000001', '00000000-0000-0000-0000-000000000001', 'INITIAL_CASH', 100000.00000000, 100000.00000000, null, timestamp with time zone '2026-01-01 00:00:00+00'),
    ('10000000-0000-0000-0000-000000000002', '00000000-0000-0000-0000-000000000002', 'INITIAL_CASH', 100000.00000000, 100000.00000000, null, timestamp with time zone '2026-01-01 00:00:00+00'),
    ('10000000-0000-0000-0000-000000000003', '00000000-0000-0000-0000-000000000003', 'INITIAL_CASH', 100000.00000000, 100000.00000000, null, timestamp with time zone '2026-01-01 00:00:00+00'),
    ('10000000-0000-0000-0000-000000000004', '00000000-0000-0000-0000-000000000004', 'INITIAL_CASH', 100000.00000000, 100000.00000000, null, timestamp with time zone '2026-01-01 00:00:00+00'),
    ('10000000-0000-0000-0000-000000000005', '00000000-0000-0000-0000-000000000005', 'INITIAL_CASH', 100000.00000000, 100000.00000000, null, timestamp with time zone '2026-01-01 00:00:00+00'),
    ('10000000-0000-0000-0000-000000000006', '00000000-0000-0000-0000-000000000006', 'INITIAL_CASH', 100000.00000000, 100000.00000000, null, timestamp with time zone '2026-01-01 00:00:00+00'),
    ('10000000-0000-0000-0000-000000000007', '00000000-0000-0000-0000-000000000007', 'INITIAL_CASH', 100000.00000000, 100000.00000000, null, timestamp with time zone '2026-01-01 00:00:00+00'),
    ('10000000-0000-0000-0000-000000000008', '00000000-0000-0000-0000-000000000008', 'INITIAL_CASH', 100000.00000000, 100000.00000000, null, timestamp with time zone '2026-01-01 00:00:00+00'),
    ('10000000-0000-0000-0000-000000000009', '00000000-0000-0000-0000-000000000009', 'INITIAL_CASH', 100000.00000000, 100000.00000000, null, timestamp with time zone '2026-01-01 00:00:00+00'),
    ('10000000-0000-0000-0000-000000000010', '00000000-0000-0000-0000-000000000010', 'INITIAL_CASH', 100000.00000000, 100000.00000000, null, timestamp with time zone '2026-01-01 00:00:00+00');
